{"lowlevel.spectral_centroid.mean": [0.4628137946128845], "lowlevel.spectral_contrast.mean": [[0.9436016082763672, 1.1880080699920654, 1.0722357034683228, 0.8629766702651978, 0.8429276943206787, 0.6082072257995605]], "lowlevel.dissonance.mean": [0.15831971168518066], "lowlevel.hfc.mean": [0.4669129252433777], "lowlevel.mfcc.mean": [[0.5647138357162476, 0.6268694400787354, 0.1172378659248352, 0.5581033825874329, -0.018835902214050293, 0.02103099226951599, 0.33386892080307007, 0.09959584474563599, 0.12476551532745361, 0.17385134100914001, 0.41176915168762207, 0.2580398917198181, 0.2813132703304291]], "sfx.logattacktime.mean": [0.3260383903980255], "sfx.inharmonicity.mean": [0.3143521547317505]}