{"lowlevel.spectral_centroid.mean": [0.46653884649276733], "lowlevel.spectral_contrast.mean": [[0.4166826009750366, 0.3352557420730591, 0.2866978645324707, 0.21032023429870605, 0.26189637184143066, 0.24698710441589355]], "lowlevel.dissonance.mean": [0.2439103126525879], "lowlevel.hfc.mean": [0.4653224050998688], "lowlevel.mfcc.mean": [[0.18928325176239014, 0.4115200936794281, 0.6358158588409424, 0.5802221298217773, 0.6295554041862488, 0.5121778249740601, 0.44337987899780273, 0.40411412715911865, 0.39938753843307495, 0.3168436288833618, 0.3048016428947449, 0.26573124527931213, 0.30421265959739685]], "sfx.logattacktime.mean": [0.29801204800605774], "sfx.inharmonicity.mean": [0.29029589891433716]}