{"lowlevel.spectral_centroid.mean": [0.5397388935089111], "lowlevel.spectral_contrast.mean": [[0.3683880567550659, 0.5357292890548706, 0.3303794860839844, 0.34305334091186523, 0.3264894485473633, 0.31232714653015137]], "lowlevel.dissonance.mean": [0.27636969089508057], "lowlevel.hfc.mean": [0.4657418429851532], "lowlevel.mfcc.mean": [[0.15940642356872559, 0.22616222500801086, 0.40869152545928955, 0.3441532254219055, 0.3574628531932831, 0.2759768068790436, 0.302681028842926, 0.383904367685318, 0.5288456678390503, 0.6029317378997803, 0.6781286001205444, 0.630193829536438, 0.5734114646911621]], "sfx.logattacktime.mean": [0.2931264042854309], "sfx.inharmonicity.mean": [0.4314965605735779]}