{"lowlevel.spectral_centroid.mean": [0.40009939670562744], "lowlevel.spectral_contrast.mean": [[0.8551649451255798, 0.6415140628814697, 0.6451351642608643, 0.38787317276000977, 0.24962306022644043, 0.23542046546936035]], "lowlevel.dissonance.mean": [-0.18627667427062988], "lowlevel.hfc.mean": [0.46624964475631714], "lowlevel.mfcc.mean": [[0.203468918800354, 0.4357152581214905, 0.6223898530006409, 0.43790528178215027, 0.39338210225105286, 0.2927623391151428, 0.2804843783378601, 0.21249812841415405, 0.1450795829296112, -0.013914406299591064, -0.08928459882736206, -0.1025732159614563, -0.005402326583862305]], "sfx.logattacktime.mean": [0.31662440299987793], "sfx.inharmonicity.mean": [0.24023519456386566]}