{"lowlevel.spectral_centroid.mean": [0.9504729509353638], "lowlevel.spectral_contrast.mean": [[0.474257230758667, 0.10639476776123047, 0.4706331491470337, 1.2600514888763428, 1.1699132919311523, 1.3076989650726318]], "lowlevel.dissonance.mean": [0.28985536098480225], "lowlevel.hfc.mean": [0.4942554235458374], "lowlevel.mfcc.mean": [[0.3520050048828125, -0.1784433126449585, 0.41595470905303955, 0.2468140870332718, 0.7060377597808838, 0.9989907741546631, 1.0294127464294434, 0.6798437833786011, -0.21113669872283936, 0.07444825768470764, 1.599473237991333, 1.8308240175247192, 0.01252773404121399]], "sfx.logattacktime.mean": [0.25162526965141296], "sfx.inharmonicity.mean": [1.4250049591064453]}