{"lowlevel.spectral_centroid.mean": [0.39194631576538086], "lowlevel.spectral_contrast.mean": [[0.8294221758842468, 0.6544755697250366, 0.6795228719711304, 0.4235823154449463, 0.26174426078796387, 0.24683761596679688]], "lowlevel.dissonance.mean": [-0.2005043625831604], "lowlevel.hfc.mean": [0.4660183787345886], "lowlevel.mfcc.mean": [[0.21282410621643066, 0.4488889276981354, 0.6141436696052551, 0.4132770299911499, 0.3694310486316681, 0.28059303760528564, 0.25804778933525085, 0.19369864463806152, 0.13632434606552124, 0.006819576025009155, -0.039148569107055664, -0.0998314619064331, -0.06944626569747925]], "sfx.logattacktime.mean": [0.32115718722343445], "sfx.inharmonicity.mean": [0.24262011051177979]}