{"lowlevel.spectral_centroid.mean": [0.7367538213729858], "lowlevel.spectral_contrast.mean": [[0.7665933966636658, 0.9921036958694458, 0.864372730255127, 0.7347798347473145, 0.7248835563659668, 0.551302433013916]], "lowlevel.dissonance.mean": [0.3203545808792114], "lowlevel.hfc.mean": [0.46855783462524414], "lowlevel.mfcc.mean": [[0.4579411745071411, 0.4357722997665405, 0.10651448369026184, 0.4787534475326538, 0.07824292778968811, -0.044938862323760986, 0.12458053231239319, 0.03295630216598511, 0.14601197838783264, 0.2372972071170807, 0.21314120292663574, 0.2536061406135559, 0.2682127356529236]], "sfx.logattacktime.mean": [0.4261522889137268], "sfx.inharmonicity.mean": [0.40623587369918823]}