{"lowlevel.spectral_centroid.mean": [0.3148910701274872], "lowlevel.spectral_contrast.mean": [[0.3383740186691284, 0.6234556436538696, 0.46598148345947266, 0.24754643440246582, 0.18353509902954102, 0.18108272552490234]], "lowlevel.dissonance.mean": [0.024608731269836426], "lowlevel.hfc.mean": [0.47415632009506226], "lowlevel.mfcc.mean": [[0.306571364402771, 0.7817152738571167, 1.032973051071167, 0.8948817849159241, 0.825799822807312, 0.5869984030723572, 0.5181376338005066, 0.4232494533061981, 0.389325350522995, 0.3628756105899811, 0.40600359439849854, 0.3883953392505646, 0.4098927080631256]], "sfx.logattacktime.mean": [0.20461487770080566], "sfx.inharmonicity.mean": [0.22578446567058563]}