{"lowlevel.spectral_centroid.mean": [0.7004595994949341], "lowlevel.spectral_contrast.mean": [[0.8370648622512817, 1.0678894519805908, 0.9725155830383301, 0.7463854551315308, 0.7724692821502686, 0.5367834568023682]], "lowlevel.dissonance.mean": [0.25445377826690674], "lowlevel.hfc.mean": [0.4695604741573334], "lowlevel.mfcc.mean": [[0.47074782848358154, 0.47926896810531616, 0.07241842150688171, 0.4690324664115906, -0.038970112800598145, -0.14601385593414307, 0.24856555461883545, 0.07676583528518677, 0.1646384298801422, 0.09713327884674072, 0.035118430852890015, 0.053988754749298096, 0.48635968565940857]], "sfx.logattacktime.mean": [0.35916194319725037], "sfx.inharmonicity.mean": [0.48386332392692566]}