{"lowlevel.spectral_centroid.mean": [0.31668874621391296], "lowlevel.spectral_contrast.mean": [[0.6773632168769836, 0.6806620359420776, 0.5363730192184448, 0.5559377670288086, 0.5262949466705322, 0.32712793350219727]], "lowlevel.dissonance.mean": [0.311260461807251], "lowlevel.hfc.mean": [0.46623700857162476], "lowlevel.mfcc.mean": [[0.4641331434249878, 0.9121785163879395, 0.6540066599845886, 0.4706447124481201, 0.8360391855239868, 0.6275639533996582, 0.32799383997917175, 0.3895362615585327, 0.5601438283920288, 0.43478772044181824, 0.31008732318878174, 0.40997201204299927, 0.521850049495697]], "sfx.logattacktime.mean": [0.43248748779296875], "sfx.inharmonicity.mean": [0.36685413122177124]}