{"lowlevel.spectral_centroid.mean": [0.3655151426792145], "lowlevel.spectral_contrast.mean": [[0.8551090955734253, 1.0559587478637695, 0.8199610710144043, 0.6963642835617065, 0.68442702293396, 0.5068106651306152]], "lowlevel.dissonance.mean": [0.10904884338378906], "lowlevel.hfc.mean": [0.46528753638267517], "lowlevel.mfcc.mean": [[0.39874374866485596, 0.5424108505249023, 0.1417827606201172, 0.3867495656013489, 0.26163846254348755, -0.3213954567909241, 0.022971391677856445, 0.1069251000881195, 0.17658734321594238, 0.16299813985824585, 0.1411169171333313, 0.18279585242271423, 0.20833981037139893]], "sfx.logattacktime.mean": [0.42420753836631775], "sfx.inharmonicity.mean": [0.2810654640197754]}