{"lowlevel.spectral_centroid.mean": [0.30690935254096985], "lowlevel.spectral_contrast.mean": [[0.7253910303115845, 0.5243334770202637, 0.40883326530456543, 0.45620179176330566, 0.4805281162261963, 0.3170185089111328]], "lowlevel.dissonance.mean": [0.3860595226287842], "lowlevel.hfc.mean": [0.4661165475845337], "lowlevel.mfcc.mean": [[0.38448357582092285, 0.8024585247039795, 0.7232983112335205, 0.6057177782058716, 0.9888949394226074, 0.8634462356567383, 0.5260010361671448, 0.4839112460613251, 0.6409299373626709, 0.5653108954429626, 0.45923247933387756, 0.4604542851448059, 0.44977447390556335]], "sfx.logattacktime.mean": [0.4908047318458557], "sfx.inharmonicity.mean": [0.278411865234375]}