{"lowlevel.spectral_centroid.mean": [0.4994221329689026], "lowlevel.spectral_contrast.mean": [[0.3917306661605835, 0.8735858201980591, 0.5361136198043823, 0.3598778247833252, 0.31403112411499023, 0.2823934555053711]], "lowlevel.dissonance.mean": [-0.1260683536529541], "lowlevel.hfc.mean": [0.46575644612312317], "lowlevel.mfcc.mean": [[0.1861361265182495, 0.3247661590576172, 0.49269741773605347, 0.40112438797950745, 0.392773300409317, 0.24702563881874084, 0.140147864818573, 0.08701750636100769, 0.11141875386238098, 0.12611308693885803, 0.20852145552635193, 0.27001115679740906, 0.4045086205005646]], "sfx.logattacktime.mean": [0.3123932480812073], "sfx.inharmonicity.mean": [0.3453160524368286]}