{"lowlevel.spectral_centroid.mean": [0.6480711102485657], "lowlevel.spectral_contrast.mean": [[0.8340265154838562, 1.050236463546753, 0.9239101409912109, 0.7720861434936523, 0.7909727096557617, 0.5487992763519287]], "lowlevel.dissonance.mean": [0.30276167392730713], "lowlevel.hfc.mean": [0.4689738154411316], "lowlevel.mfcc.mean": [[0.4816892147064209, 0.4749210476875305, 0.06832003593444824, 0.48083192110061646, 0.10614871978759766, -0.08679455518722534, 0.1193493902683258, 0.08145251870155334, 0.14561495184898376, 0.18316343426704407, 0.18731123208999634, 0.38086843490600586, 0.2525429129600525]], "sfx.logattacktime.mean": [0.4443914294242859], "sfx.inharmonicity.mean": [0.41952359676361084]}