{"lowlevel.spectral_centroid.mean": [0.43225616216659546], "lowlevel.spectral_contrast.mean": [[0.6208704710006714, 0.6572444438934326, 0.39267146587371826, 0.23081469535827637, 0.21044015884399414, 0.22568559646606445]], "lowlevel.dissonance.mean": [-0.11003464460372925], "lowlevel.hfc.mean": [0.4655665457248688], "lowlevel.mfcc.mean": [[0.18244993686676025, 0.4273788630962372, 0.6832868456840515, 0.5898460745811462, 0.5600826740264893, 0.42851632833480835, 0.3905332386493683, 0.32198208570480347, 0.30696773529052734, 0.22440725564956665, 0.2204630970954895, 0.20950749516487122, 0.2668958306312561]], "sfx.logattacktime.mean": [0.36025893688201904], "sfx.inharmonicity.mean": [0.29226601123809814]}