{"lowlevel.spectral_centroid.mean": [0.46608468890190125], "lowlevel.spectral_contrast.mean": [[0.3069803714752197, 0.6218581199645996, 0.3916335105895996, 0.24759197235107422, 0.19638538360595703, 0.20727109909057617]], "lowlevel.dissonance.mean": [0.13772833347320557], "lowlevel.hfc.mean": [0.46512073278427124], "lowlevel.mfcc.mean": [[0.0921090841293335, 0.2575242817401886, 0.5370738506317139, 0.4013175666332245, 0.4426308274269104, 0.37768054008483887, 0.39829209446907043, 0.3707605302333832, 0.4200623631477356, 0.4226788878440857, 0.4754299819469452, 0.5034464001655579, 0.6077535152435303]], "sfx.logattacktime.mean": [0.321333110332489], "sfx.inharmonicity.mean": [0.27726954221725464]}