{"lowlevel.spectral_centroid.mean": [0.3800397217273712], "lowlevel.spectral_contrast.mean": [[0.8661714792251587, 1.0703208446502686, 0.8625686168670654, 0.6226222515106201, 0.6839544773101807, 0.5664467811584473]], "lowlevel.dissonance.mean": [0.09941935539245605], "lowlevel.hfc.mean": [0.46533676981925964], "lowlevel.mfcc.mean": [[0.4083026647567749, 0.518882155418396, 0.16570833325386047, 0.510126531124115, 0.1593007743358612, -0.34993213415145874, 0.014546483755111694, 0.04103928804397583, 0.326038122177124, 0.28441548347473145, 0.0989808738231659, 0.07426968216896057, 0.2962803840637207]], "sfx.logattacktime.mean": [0.44628265500068665], "sfx.inharmonicity.mean": [0.24034690856933594]}