{"lowlevel.spectral_centroid.mean": [0.3148752748966217], "lowlevel.spectral_contrast.mean": [[0.7728155255317688, 0.633400559425354, 0.5567938089370728, 0.49925875663757324, 0.525444507598877, 0.3172450065612793]], "lowlevel.dissonance.mean": [0.19295990467071533], "lowlevel.hfc.mean": [0.46767809987068176], "lowlevel.mfcc.mean": [[0.46954047679901123, 0.9260854721069336, 0.6919329166412354, 0.5507747530937195, 0.8337552547454834, 0.5853995680809021, 0.2973868250846863, 0.31864362955093384, 0.5443695187568665, 0.528659462928772, 0.43225011229515076, 0.4019300937652588, 0.3798985779285431]], "sfx.logattacktime.mean": [0.6206017732620239], "sfx.inharmonicity.mean": [0.35312896966934204]}