{"lowlevel.spectral_centroid.mean": [0.39325425028800964], "lowlevel.spectral_contrast.mean": [[0.3753756284713745, 0.7912625074386597, 0.42565441131591797, 0.3409566879272461, 0.3113973140716553, 0.28226566314697266]], "lowlevel.dissonance.mean": [-0.01078885793685913], "lowlevel.hfc.mean": [0.46566200256347656], "lowlevel.mfcc.mean": [[0.1512892246246338, 0.25899937748908997, 0.4495135247707367, 0.3411720395088196, 0.30015385150909424, 0.2014441192150116, 0.20467859506607056, 0.270671010017395, 0.43824702501296997, 0.5689786672592163, 0.7264866828918457, 0.8485084772109985, 0.9043917059898376]], "sfx.logattacktime.mean": [0.3598721921443939], "sfx.inharmonicity.mean": [0.3144003748893738]}