{"lowlevel.spectral_centroid.mean": [1.323493480682373], "lowlevel.spectral_contrast.mean": [[0.45733940601348877, 0.15320777893066406, 0.19060850143432617, 0.9716247320175171, 1.1277062892913818, 1.192699909210205]], "lowlevel.dissonance.mean": [0.6957018375396729], "lowlevel.hfc.mean": [0.492209792137146], "lowlevel.mfcc.mean": [[0.23085856437683105, -0.08522441983222961, 0.49861210584640503, 0.5789353251457214, 0.7372139096260071, 0.770389974117279, 0.5804017186164856, -0.043878257274627686, 1.1900367736816406, 1.219963550567627, 0.4027272164821625, -0.5739401578903198, 1.990980625152588]], "sfx.logattacktime.mean": [0.24815186858177185], "sfx.inharmonicity.mean": [0.7090234756469727]}