{"lowlevel.spectral_centroid.mean": [0.6898854970932007], "lowlevel.spectral_contrast.mean": [[0.5283581018447876, 0.4473351240158081, 1.264955759048462, 1.2939026355743408, 1.3662232160568237, 1.205782175064087]], "lowlevel.dissonance.mean": [0.09492826461791992], "lowlevel.hfc.mean": [0.48591092228889465], "lowlevel.mfcc.mean": [[0.435532808303833, 0.005738213658332825, 0.05816030502319336, 0.49872830510139465, 0.008201152086257935, 0.35779982805252075, 0.7739778757095337, 0.6606671214103699, 0.9371310472488403, 1.5874885320663452, 1.2574268579483032, 1.0031195878982544, -0.03956151008605957]], "sfx.logattacktime.mean": [0.2540247440338135], "sfx.inharmonicity.mean": [1.9314179420471191]}