{"lowlevel.spectral_centroid.mean": [0.3569069504737854], "lowlevel.spectral_contrast.mean": [[1.0781466960906982, 1.3758991956710815, 1.2333639860153198, 1.030558705329895, 0.9930527210235596, 0.6567168235778809]], "lowlevel.dissonance.mean": [0.07390725612640381], "lowlevel.hfc.mean": [0.46919482946395874], "lowlevel.mfcc.mean": [[0.6440562009811401, 0.5977487564086914, -0.02753463387489319, 0.4683951139450073, -0.17748034000396729, -0.13903117179870605, 0.10039153695106506, -0.08263403177261353, -0.034363746643066406, 0.1032063364982605, 0.2049356997013092, 0.019914180040359497, 0.26265817880630493]], "sfx.logattacktime.mean": [0.444482684135437], "sfx.inharmonicity.mean": [0.22421172261238098]}