{"lowlevel.spectral_centroid.mean": [0.38023728132247925], "lowlevel.spectral_contrast.mean": [[0.9405074119567871, 1.2327626943588257, 1.3256138563156128, 1.220046043395996, 0.7650988101959229, 0.36566829681396484]], "lowlevel.dissonance.mean": [-0.4746689796447754], "lowlevel.hfc.mean": [0.4788869619369507], "lowlevel.mfcc.mean": [[0.5003811120986938, 0.8230767250061035, 0.43529266119003296, 0.04233768582344055, 0.11221060156822205, 0.2533838152885437, 0.3541632294654846, 0.35371479392051697, 0.22632953524589539, 0.015155315399169922, -0.07057565450668335, -0.06554871797561646, 0.17508822679519653]], "sfx.logattacktime.mean": [0.22377747297286987], "sfx.inharmonicity.mean": [1.395211935043335]}