{"lowlevel.spectral_centroid.mean": [0.3611733615398407], "lowlevel.spectral_contrast.mean": [[0.9371945261955261, 1.1353583335876465, 0.9243652820587158, 0.7067495584487915, 0.7836904525756836, 0.5867800712585449]], "lowlevel.dissonance.mean": [0.1368114948272705], "lowlevel.hfc.mean": [0.46540501713752747], "lowlevel.mfcc.mean": [[0.44087648391723633, 0.5417697429656982, 0.09748664498329163, 0.4996927082538605, 0.15240228176116943, -0.399167537689209, 0.028801649808883667, -0.019869297742843628, 0.3052902817726135, 0.27178290486335754, -0.012369990348815918, 0.11818081140518188, 0.27125322818756104]], "sfx.logattacktime.mean": [0.42432862520217896], "sfx.inharmonicity.mean": [0.2341674417257309]}