{"lowlevel.spectral_centroid.mean": [0.42732352018356323], "lowlevel.spectral_contrast.mean": [[0.6504183411598206, 0.3889749050140381, 0.29317164421081543, 0.2325890064239502, 0.25045061111450195, 0.2406473159790039]], "lowlevel.dissonance.mean": [0.1394127607345581], "lowlevel.hfc.mean": [0.46542370319366455], "lowlevel.mfcc.mean": [[0.18551039695739746, 0.411081463098526, 0.6545679569244385, 0.6380274295806885, 0.696319580078125, 0.596329927444458, 0.5972688794136047, 0.5679613351821899, 0.5394461154937744, 0.46355533599853516, 0.46040213108062744, 0.3593646287918091, 0.3473063111305237]], "sfx.logattacktime.mean": [0.3363721966743469], "sfx.inharmonicity.mean": [0.22901293635368347]}