{"lowlevel.spectral_centroid.mean": [0.3074715733528137], "lowlevel.spectral_contrast.mean": [[0.5745913982391357, 0.5184503793716431, 0.3268165588378906, 0.2192850112915039, 0.16809391975402832, 0.20143461227416992]], "lowlevel.dissonance.mean": [0.05823719501495361], "lowlevel.hfc.mean": [0.46518003940582275], "lowlevel.mfcc.mean": [[0.15993964672088623, 0.4697858691215515, 0.8593833446502686, 0.8097637891769409, 0.8057111501693726, 0.6676108837127686, 0.6080891489982605, 0.4927074611186981, 0.4370032548904419, 0.3317191004753113, 0.2909601926803589, 0.2062782347202301, 0.1827859878540039]], "sfx.logattacktime.mean": [0.2796880304813385], "sfx.inharmonicity.mean": [0.22728663682937622]}