{"lowlevel.spectral_centroid.mean": [0.540941596031189], "lowlevel.spectral_contrast.mean": [[0.5601997375488281, 1.204146146774292, 1.4046820402145386, 1.4981769323349, 1.3215866088867188, 0.6698369979858398]], "lowlevel.dissonance.mean": [-0.1436554193496704], "lowlevel.hfc.mean": [0.479728639125824], "lowlevel.mfcc.mean": [[0.48795008659362793, 0.42770916223526, -0.07099500298500061, 0.09991371631622314, 0.3820969760417938, 0.2835761308670044, -0.0199357271194458, -0.017457783222198486, 0.36267533898353577, 0.4945411682128906, 0.271771639585495, 0.3000158369541168, 0.8800147175788879]], "sfx.logattacktime.mean": [0.2173614799976349], "sfx.inharmonicity.mean": [2.174743413925171]}