{"lowlevel.spectral_centroid.mean": [0.7291595935821533], "lowlevel.spectral_contrast.mean": [[0.8064991235733032, 1.0619122982025146, 0.9476066827774048, 0.7154638767242432, 0.758373498916626, 0.5290484428405762]], "lowlevel.dissonance.mean": [0.23613262176513672], "lowlevel.hfc.mean": [0.46983766555786133], "lowlevel.mfcc.mean": [[0.4669305086135864, 0.46492305397987366, 0.11229076981544495, 0.45783737301826477, -0.02169281244277954, -0.07269984483718872, 0.2282077968120575, 0.09812292456626892, 0.19124501943588257, 0.10124722123146057, 0.09473761916160583, 0.15662488341331482, 0.45915350317955017]], "sfx.logattacktime.mean": [0.376302033662796], "sfx.inharmonicity.mean": [0.48080480098724365]}