{"lowlevel.spectral_centroid.mean": [0.6967619061470032], "lowlevel.spectral_contrast.mean": [[0.3060961961746216, 0.36183977127075195, 0.2165203094482422, 0.22487807273864746, 0.20943784713745117, 0.21091628074645996]], "lowlevel.dissonance.mean": [0.3654056787490845], "lowlevel.hfc.mean": [0.4650808572769165], "lowlevel.mfcc.mean": [[0.0728614330291748, 0.22176039218902588, 0.533199667930603, 0.4208560585975647, 0.4615338444709778, 0.3847176134586334, 0.39344269037246704, 0.37945711612701416, 0.47522422671318054, 0.5588027238845825, 0.6743373274803162, 0.6725711822509766, 0.6335853338241577]], "sfx.logattacktime.mean": [0.2842555642127991], "sfx.inharmonicity.mean": [0.6478798389434814]}