{"lowlevel.spectral_centroid.mean": [0.32025960087776184], "lowlevel.spectral_contrast.mean": [[0.5647608041763306, 0.6314021348953247, 0.4607049226760864, 0.48322319984436035, 0.4848775863647461, 0.32308292388916016]], "lowlevel.dissonance.mean": [0.4394458532333374], "lowlevel.hfc.mean": [0.4661719799041748], "lowlevel.mfcc.mean": [[0.43814194202423096, 0.8843904733657837, 0.6769368648529053, 0.4161553382873535, 0.7126743793487549, 0.5576581954956055, 0.23184257745742798, 0.22155353426933289, 0.42804405093193054, 0.4132193922996521, 0.38742947578430176, 0.345721960067749, 0.3096379041671753]], "sfx.logattacktime.mean": [0.45393112301826477], "sfx.inharmonicity.mean": [0.47547370195388794]}