{"lowlevel.spectral_centroid.mean": [0.5094038248062134], "lowlevel.spectral_contrast.mean": [[0.42812490463256836, 0.31562530994415283, 0.7028008699417114, 0.5542511940002441, 0.44801878929138184, 0.4096348285675049]], "lowlevel.dissonance.mean": [0.41015756130218506], "lowlevel.hfc.mean": [0.4657769501209259], "lowlevel.mfcc.mean": [[0.242348313331604, 0.28446057438850403, 0.3428244888782501, 0.3247094750404358, 0.295683354139328, 0.23540371656417847, 0.3022894859313965, 0.38320741057395935, 0.3463958203792572, 0.5137748718261719, 0.6181497573852539, 0.39473050832748413, 0.10899803042411804]], "sfx.logattacktime.mean": [0.3176734447479248], "sfx.inharmonicity.mean": [1.0931665897369385]}