{"lowlevel.spectral_centroid.mean": [0.5757075548171997], "lowlevel.spectral_contrast.mean": [[0.27932441234588623, 1.1400642395019531, 1.0287262201309204, 1.4044678211212158, 1.3004798889160156, 0.8677794933319092]], "lowlevel.dissonance.mean": [-0.06369894742965698], "lowlevel.hfc.mean": [0.4718848466873169], "lowlevel.mfcc.mean": [[0.41707098484039307, 0.23122507333755493, -0.08448222279548645, 0.2827698290348053, 0.3878859281539917, 0.21862806379795074, -0.08738309144973755, -0.10164666175842285, 0.35543492436408997, 0.5099731683731079, 0.47339823842048645, 0.956238329410553, 1.543977975845337]], "sfx.logattacktime.mean": [0.25316372513771057], "sfx.inharmonicity.mean": [0.42895740270614624]}