{"lowlevel.spectral_centroid.mean": [0.46114933490753174], "lowlevel.spectral_contrast.mean": [[1.0069025754928589, 1.2196825742721558, 1.1000604629516602, 0.9397828578948975, 0.863661527633667, 0.6777791976928711]], "lowlevel.dissonance.mean": [0.21954989433288574], "lowlevel.hfc.mean": [0.46819061040878296], "lowlevel.mfcc.mean": [[0.6160211563110352, 0.588509202003479, 0.050937116146087646, 0.5387885570526123, -0.11064720153808594, 0.005482017993927002, 0.2592257857322693, -0.04010725021362305, 0.007638156414031982, 0.2763219475746155, 0.3568093776702881, -0.008089214563369751, 0.31022965908050537]], "sfx.logattacktime.mean": [0.4288536310195923], "sfx.inharmonicity.mean": [0.3463655114173889]}