{"lowlevel.spectral_centroid.mean": [0.7324920892715454], "lowlevel.spectral_contrast.mean": [[0.8306998014450073, 1.0783023834228516, 0.9750566482543945, 0.7546870708465576, 0.7740654945373535, 0.51896071434021]], "lowlevel.dissonance.mean": [0.2707183361053467], "lowlevel.hfc.mean": [0.4704538583755493], "lowlevel.mfcc.mean": [[0.47861504554748535, 0.46804124116897583, 0.07272124290466309, 0.4456196427345276, -0.016108304262161255, -0.11223781108856201, 0.21292155981063843, 0.12952768802642822, 0.15030211210250854, 0.039718687534332275, 0.023457586765289307, 0.13767355680465698, 0.4265606999397278]], "sfx.logattacktime.mean": [0.3946057856082916], "sfx.inharmonicity.mean": [0.568507969379425]}