{"lowlevel.spectral_centroid.mean": [0.43273797631263733], "lowlevel.spectral_contrast.mean": [[0.593143105506897, 0.3874790668487549, 0.3141906261444092, 0.2506566047668457, 0.261228084564209, 0.2461869716644287]], "lowlevel.dissonance.mean": [0.11463713645935059], "lowlevel.hfc.mean": [0.4653897285461426], "lowlevel.mfcc.mean": [[0.19815301895141602, 0.4190431833267212, 0.6316031217575073, 0.6059466600418091, 0.6487010717391968, 0.5531558990478516, 0.5538216829299927, 0.5310682058334351, 0.5108070969581604, 0.4230211079120636, 0.38051238656044006, 0.30707859992980957, 0.32566624879837036]], "sfx.logattacktime.mean": [0.3217090964317322], "sfx.inharmonicity.mean": [0.2577240765094757]}