{"lowlevel.spectral_centroid.mean": [0.6995190382003784], "lowlevel.spectral_contrast.mean": [[0.7829031944274902, 1.02280592918396, 0.9110087156295776, 0.696178674697876, 0.7444288730621338, 0.5309159755706787]], "lowlevel.dissonance.mean": [0.3124188184738159], "lowlevel.hfc.mean": [0.46881043910980225], "lowlevel.mfcc.mean": [[0.44987595081329346, 0.44887977838516235, 0.09648162126541138, 0.4557555317878723, 0.08740898966789246, -0.035404473543167114, 0.1412222683429718, 0.10604912042617798, 0.2514166831970215, 0.20038840174674988, 0.10592171549797058, 0.13540703058242798, 0.44961175322532654]], "sfx.logattacktime.mean": [0.4219397306442261], "sfx.inharmonicity.mean": [0.42509186267852783]}