{"lowlevel.spectral_centroid.mean": [0.4118046760559082], "lowlevel.spectral_contrast.mean": [[0.44288814067840576, 0.5936179161071777, 0.41254138946533203, 0.2502877712249756, 0.215681791305542, 0.21257495880126953]], "lowlevel.dissonance.mean": [-0.058698952198028564], "lowlevel.hfc.mean": [0.465287446975708], "lowlevel.mfcc.mean": [[0.1806877851486206, 0.4454745650291443, 0.708429217338562, 0.5776757597923279, 0.5587481260299683, 0.43805843591690063, 0.4234633445739746, 0.3770512342453003, 0.3557278513908386, 0.27326780557632446, 0.27479904890060425, 0.2687285244464874, 0.3591996729373932]], "sfx.logattacktime.mean": [0.34257322549819946], "sfx.inharmonicity.mean": [0.2698707580566406]}