{"lowlevel.spectral_centroid.mean": [0.34265515208244324], "lowlevel.spectral_contrast.mean": [[0.6391651034355164, 0.91361403465271, 0.7095214128494263, 0.6325235366821289, 0.507178544998169, 0.3631880283355713]], "lowlevel.dissonance.mean": [-0.01178133487701416], "lowlevel.hfc.mean": [0.46731850504875183], "lowlevel.mfcc.mean": [[0.4556082487106323, 1.0078413486480713, 0.837302029132843, 0.2360188215970993, 0.14437437057495117, 0.16837769746780396, 0.24617812037467957, 0.30000942945480347, 0.46491867303848267, 0.5324147343635559, 0.5883613228797913, 0.5341045260429382, 0.6592443585395813]], "sfx.logattacktime.mean": [0.5150144696235657], "sfx.inharmonicity.mean": [0.28220173716545105]}