{"lowlevel.spectral_centroid.mean": [0.454936146736145], "lowlevel.spectral_contrast.mean": [[0.5172203779220581, 0.5442960262298584, 0.4670330286026001, 0.37941789627075195, 0.2211744785308838, 0.21971893310546875]], "lowlevel.dissonance.mean": [0.08506429195404053], "lowlevel.hfc.mean": [0.4653277099132538], "lowlevel.mfcc.mean": [[0.14911305904388428, 0.35079625248908997, 0.5695815682411194, 0.37295451760292053, 0.4091234803199768, 0.38083696365356445, 0.39740458130836487, 0.3362264037132263, 0.35739865899086, 0.36159563064575195, 0.4016871750354767, 0.3311547636985779, 0.2979387640953064]], "sfx.logattacktime.mean": [0.2829190492630005], "sfx.inharmonicity.mean": [0.26353171467781067]}