{"lowlevel.spectral_centroid.mean": [0.649910569190979], "lowlevel.spectral_contrast.mean": [[0.875182032585144, 1.1337493658065796, 1.0407562255859375, 0.7815618515014648, 0.782008171081543, 0.5514037609100342]], "lowlevel.dissonance.mean": [0.18828272819519043], "lowlevel.hfc.mean": [0.4710747003555298], "lowlevel.mfcc.mean": [[0.49089252948760986, 0.5080374479293823, 0.0818382203578949, 0.4532458782196045, -0.06543320417404175, -0.16801011562347412, 0.24121081829071045, 0.07507246732711792, 0.14274513721466064, 0.08069849014282227, 0.010955661535263062, 0.057365596294403076, 0.47928905487060547]], "sfx.logattacktime.mean": [0.416293740272522], "sfx.inharmonicity.mean": [0.5849865078926086]}