{"lowlevel.spectral_centroid.mean": [0.4918951392173767], "lowlevel.spectral_contrast.mean": [[0.5000760555267334, 0.9182263612747192, 0.5931754112243652, 0.4244201183319092, 0.3398756980895996, 0.30458903312683105]], "lowlevel.dissonance.mean": [-0.10476022958755493], "lowlevel.hfc.mean": [0.4666233956813812], "lowlevel.mfcc.mean": [[0.19813191890716553, 0.31730490922927856, 0.44610869884490967, 0.35441142320632935, 0.3526127338409424, 0.19760659337043762, 0.1131737232208252, 0.11224430799484253, 0.19076615571975708, 0.26761186122894287, 0.3805968165397644, 0.49980002641677856, 0.7499966621398926]], "sfx.logattacktime.mean": [0.3510204553604126], "sfx.inharmonicity.mean": [0.3111175298690796]}